test-0232-1,InvalidFree,2,0,0,unsat,0.010856389999389648s,safe
test-0232-1,InvalidFree,3,0,0,unsat,0.012706756591796875s,safe
test-0232-1,InvalidFree,5,100,179,unsat,35.20352101325989s,safe
global-atexit,InvalidFree,3,0,0,unsat,0.012326717376708984s,safe
global-atexit,InvalidFree,2,0,0,unsat,0.008846521377563477s,safe
global-atexit,InvalidFree,5,0,0,unsat,0.01081538200378418s,safe
global-atexit-5,MemLeak,5,72,178,unsat,7.958675861358643s,safe
global-atexit-5,MemLeak,2,0,0,unsat,0.010687589645385742s,safe
global-atexit-5,MemLeak,1,0,0,unsat,0.009543657302856445s,safe
global-atexit-5,MemLeak,6,120,225,unsat,71.85285592079163s,safe
global-atexit-5,MemLeak,13,134,400,unsat,96.85700941085815s,safe
global-atexit-5,MemLeak,3,45,116,unsat,1.2184550762176514s,safe
global-atexit,MemLeak,5,39,47,sat,0.5903975963592529s,safe
global-atexit,MemLeak,2,0,0,unsat,0.01060032844543457s,safe
global-atexit,MemLeak,3,35,35,sat,0.3613922595977783s,safe
test-0521,MemLeak,5,0,0,unsat,0.020458221435546875s,safe
test-0521,MemLeak,6,0,0,unsat,0.022157907485961914s,safe
test-0521,MemLeak,1,0,0,unsat,0.008112430572509766s,safe
test-0521,MemLeak,3,0,0,unsat,0.011307477951049805s,safe
test-0521,MemLeak,2,0,0,unsat,0.012836933135986328s,safe
test-0521,MemLeak,12,0,0,unsat,0.04800581932067871s,safe
global-atexit-3,InvalidFree,5,76,116,unsat,10.50512433052063s,safe
global-atexit-3,InvalidFree,3,56,80,unsat,3.0151891708374023s,safe
global-atexit-3,InvalidFree,2,0,0,unsat,0.009595632553100586s,safe
test-0019-2-mutate,MemLeak,3,88,76,sat,21.079262256622314s,buggy
test-0019-2-mutate,MemLeak,2,0,0,unsat,0.008851289749145508s,safe
test-0019-2-mutate,MemLeak,5,92,100,sat,26.67326045036316s,buggy
test-0019-1,InvalidFree,7,96,115,unsat,29.972175359725952s,safe
test-0019-1,InvalidFree,5,92,93,unsat,27.549869537353516s,safe
test-0019-1,InvalidFree,1,0,0,unsat,0.009272575378417969s,safe
test-0019-1,InvalidFree,11,104,159,unsat,39.54719305038452s,safe
test-0019-1,InvalidFree,2,86,60,unsat,21.58478093147278s,safe
test-0019-1,InvalidFree,3,88,71,unsat,24.23771619796753s,safe
global-atexit-5,InvalidDeref,13,138,401,sat,116.17166328430176s,safe
global-atexit-5,InvalidDeref,1,0,0,unsat,0.010190248489379883s,safe
global-atexit-5,InvalidDeref,3,66,127,unsat,6.428879261016846s,safe
global-atexit-5,InvalidDeref,6,124,226,sat,77.81924986839294s,safe
global-atexit-5,InvalidDeref,5,122,201,sat,77.98976683616638s,safe
global-atexit-5,InvalidDeref,2,28,84,unsat,0.18815398216247559s,safe
960521-1-2-mutate,MemLeak,2,0,0,unsat,0.011234283447265625s,safe
960521-1-2-mutate,MemLeak,3,0,0,unsat,0.013747692108154297s,safe
960521-1-2-mutate,MemLeak,5,0,0,unsat,0.015175342559814453s,safe
test-0019-2,InvalidDeref,3,109,89,unsat,55.799044132232666s,safe
test-0019-2,InvalidDeref,2,78,64,unsat,14.766509532928467s,safe
test-0019-2,InvalidDeref,5,113,115,unsat,60.970096826553345s,safe
cmp-freed-ptr-mutate,InvalidDeref,3,0,0,unsat,0.009455680847167969s,safe
cmp-freed-ptr-mutate,InvalidDeref,2,0,0,unsat,0.009610891342163086s,safe
cmp-freed-ptr-mutate,InvalidDeref,5,0,0,unsat,0.009859323501586914s,safe
global-atexit-2-mutate,MemLeak,2,0,0,unsat,0.013861656188964844s,safe
global-atexit-2-mutate,MemLeak,5,85,133,sat,18.337955236434937s,buggy
global-atexit-2-mutate,MemLeak,3,58,88,sat,3.8703083992004395s,buggy
test-0019-1-mutate,InvalidDeref,3,80,65,unsat,14.176884174346924s,safe
test-0019-1-mutate,InvalidDeref,2,78,55,unsat,13.473121643066406s,safe
test-0019-1-mutate,InvalidDeref,5,84,85,unsat,16.162402153015137s,safe
cmp-freed-ptr-mutate,InvalidFree,3,60,44,sat,3.868490219116211s,buggy
cmp-freed-ptr-mutate,InvalidFree,5,64,58,sat,4.553467273712158s,buggy
cmp-freed-ptr-mutate,InvalidFree,2,45,33,unsat,1.3203158378601074s,safe
960521-1-2,InvalidFree,3,0,0,unsat,0.008792400360107422s,safe
960521-1-2,InvalidFree,1,0,0,unsat,0.009661197662353516s,safe
960521-1-2,InvalidFree,2,0,0,unsat,0.008702993392944336s,safe
960521-1-2,InvalidFree,5,0,0,unsat,0.012156248092651367s,safe
960521-1-2,InvalidDeref,3,43,104,unsat,1.1613988876342773s,safe
960521-1-2,InvalidDeref,2,32,79,unsat,0.3380391597747803s,safe
960521-1-2,InvalidDeref,1,25,56,unsat,0.1764669418334961s,safe
960521-1-2,InvalidDeref,5,70,156,unsat,8.021980285644531s,safe
test-0019-1,InvalidDeref,2,89,64,unsat,26.829166173934937s,safe
test-0019-1,InvalidDeref,3,91,75,unsat,25.551114082336426s,safe
test-0019-1,InvalidDeref,5,95,97,unsat,28.579516172409058s,safe
test-0019-1,InvalidDeref,11,107,163,unsat,42.55499863624573s,safe
test-0019-1,InvalidDeref,1,54,37,unsat,3.0699594020843506s,safe
test-0019-1,InvalidDeref,7,99,119,unsat,33.970862865448s,safe
lockfree-3.0,InvalidDeref,3,0,0,unsat,0.011255502700805664s,safe
lockfree-3.0,InvalidDeref,2,0,0,unsat,0.010297775268554688s,safe
lockfree-3.0,InvalidDeref,5,0,0,unsat,0.01649022102355957s,safe
lockfree-3.3,InvalidFree,5,0,0,unsat,0.01690983772277832s,safe
lockfree-3.3,InvalidFree,3,0,0,unsat,0.011235237121582031s,safe
lockfree-3.3,InvalidFree,2,0,0,unsat,0.009742975234985352s,safe
test-0232-2,InvalidDeref,6,188,329,memout,0,safe
test-0232-2,InvalidDeref,1,15,71,unsat,0.02659773826599121s,safe
test-0232-2,InvalidDeref,5,98,247,unsat,31.708098649978638s,safe
test-0232-2,InvalidDeref,2,50,123,unsat,2.0986502170562744s,safe
test-0232-2,InvalidDeref,3,70,170,unsat,8.253536462783813s,safe
960521-1-3-mutate,InvalidFree,5,98,156,unsat,49.808974742889404s,safe
960521-1-3-mutate,InvalidFree,3,94,116,unsat,45.27922224998474s,safe
960521-1-3-mutate,InvalidFree,2,92,96,unsat,42.7483069896698s,safe
test-0232-3,MemLeak,5,0,0,unsat,0.011990547180175781s,safe
test-0232-3,MemLeak,2,0,0,unsat,0.01001739501953125s,safe
test-0232-3,MemLeak,3,0,0,unsat,0.011333942413330078s,safe
global-atexit-1,MemLeak,5,49,101,sat,1.5038838386535645s,buggy
global-atexit-1,MemLeak,2,0,0,unsat,0.009444952011108398s,safe
global-atexit-1,MemLeak,3,45,72,unsat,1.2635307312011719s,safe
global-atexit-1,MemLeak,4,47,87,sat,1.3419926166534424s,buggy
lockfree-3.2,InvalidFree,3,0,0,unsat,0.016887187957763672s,safe
lockfree-3.2,InvalidFree,2,0,0,unsat,0.008635759353637695s,safe
lockfree-3.2,InvalidFree,5,0,0,unsat,0.016196012496948242s,safe
test-0513,MemLeak,1,0,0,unsat,0.009716510772705078s,safe
test-0513,MemLeak,12,343,1024,memout,0,safe
test-0513,MemLeak,6,131,507,unsat,120.18648982048035s,safe
test-0513,MemLeak,3,0,0,unsat,0.009511232376098633s,safe
test-0513,MemLeak,5,71,401,unsat,7.019930362701416s,safe
test-0513,MemLeak,2,0,0,unsat,0.011063814163208008s,safe
test-0019-1,MemLeak,7,95,118,unsat,28.57885980606079s,safe
test-0019-1,MemLeak,11,103,162,unsat,37.329713582992554s,safe
test-0019-1,MemLeak,3,87,74,unsat,21.550567388534546s,safe
test-0019-1,MemLeak,1,0,0,unsat,0.009041309356689453s,safe
test-0019-1,MemLeak,2,0,0,unsat,0.012172937393188477s,safe
test-0019-1,MemLeak,5,91,96,unsat,25.22654104232788s,safe
960521-1-2-mutate,InvalidFree,5,0,0,unsat,0.009810686111450195s,safe
960521-1-2-mutate,InvalidFree,2,0,0,unsat,0.00986480712890625s,safe
960521-1-2-mutate,InvalidFree,3,0,0,unsat,0.008919239044189453s,safe
test-0158-1-mutate,MemLeak,2,68,55,unsat,9.152570724487305s,safe
test-0158-1-mutate,MemLeak,3,70,64,unsat,9.898843765258789s,safe
test-0158-1-mutate,MemLeak,5,74,82,unsat,12.09398365020752s,safe
test-0158-1-mutate,MemLeak,1,66,46,unsat,8.050202131271362s,safe
lockfree-3.0,MemLeak,5,0,0,unsat,0.016597747802734375s,safe
lockfree-3.0,MemLeak,2,0,0,unsat,0.009173870086669922s,safe
lockfree-3.0,MemLeak,3,0,0,unsat,0.013596534729003906s,safe
960521-1-3-mutate,MemLeak,5,94,159,unsat,41.06786632537842s,safe
960521-1-3-mutate,MemLeak,2,0,0,unsat,0.00973057746887207s,safe
960521-1-3-mutate,MemLeak,3,90,119,unsat,35.84653973579407s,safe
test-0232-3,InvalidDeref,3,70,186,unsat,8.263424396514893s,safe
test-0232-3,InvalidDeref,5,98,271,unsat,31.844154357910156s,safe
test-0232-3,InvalidDeref,2,50,135,unsat,2.1114661693573s,safe
global-atexit-1-mutate,InvalidDeref,3,40,63,unsat,0.6756961345672607s,safe
global-atexit-1-mutate,InvalidDeref,2,28,45,unsat,0.16818618774414062s,safe
global-atexit-1-mutate,InvalidDeref,5,60,94,unsat,3.527327060699463s,safe
test-0521,InvalidFree,5,0,0,unsat,0.01791858673095703s,safe
test-0521,InvalidFree,3,0,0,unsat,0.014763593673706055s,safe
test-0521,InvalidFree,1,0,0,unsat,0.008792877197265625s,safe
test-0521,InvalidFree,2,0,0,unsat,0.012130260467529297s,safe
test-0521,InvalidFree,12,0,0,unsat,0.044008731842041016s,safe
test-0521,InvalidFree,6,0,0,unsat,0.0217287540435791s,safe
global-atexit-2-mutate,InvalidFree,5,89,130,sat,22.49808120727539s,buggy
global-atexit-2-mutate,InvalidFree,3,72,91,unsat,8.43023157119751s,safe
global-atexit-2-mutate,InvalidFree,2,54,68,unsat,2.7221479415893555s,safe
global-atexit-2-mutate,InvalidFree,4,87,113,sat,17.62849521636963s,buggy
global-atexit,InvalidDeref,3,30,33,unsat,0.16261053085327148s,safe
global-atexit,InvalidDeref,2,28,27,unsat,0.14629316329956055s,safe
global-atexit,InvalidDeref,5,34,45,unsat,0.2547612190246582s,safe
lockfree-3.3,InvalidDeref,5,0,0,unsat,0.01624894142150879s,safe
lockfree-3.3,InvalidDeref,3,0,0,unsat,0.011753320693969727s,safe
lockfree-3.3,InvalidDeref,2,0,0,unsat,0.010834217071533203s,safe
lockfree-3.1,MemLeak,3,0,0,unsat,0.009762763977050781s,safe
lockfree-3.1,MemLeak,2,0,0,unsat,0.010166168212890625s,safe
lockfree-3.1,MemLeak,23,722,1814,memout,0,buggy
lockfree-3.1,MemLeak,5,0,0,unsat,0.01565837860107422s,safe
test-0521,InvalidDeref,5,119,882,unsat,77.99411821365356s,safe
test-0521,InvalidDeref,12,489,2058,memout,0,safe
test-0521,InvalidDeref,2,0,0,unsat,0.011588096618652344s,safe
test-0521,InvalidDeref,3,51,576,unsat,2.1187732219696045s,safe
test-0521,InvalidDeref,6,142,1035,unsat,167.54340720176697s,safe
test-0521,InvalidDeref,1,0,0,unsat,0.01029658317565918s,safe
lockfree-3.0,InvalidFree,2,0,0,unsat,0.014323711395263672s,safe
lockfree-3.0,InvalidFree,5,0,0,unsat,0.01721811294555664s,safe
lockfree-3.0,InvalidFree,3,0,0,unsat,0.018537521362304688s,safe
lockfree-3.1,InvalidDeref,5,0,0,unsat,0.015273094177246094s,safe
lockfree-3.1,InvalidDeref,2,0,0,unsat,0.008620023727416992s,safe
lockfree-3.1,InvalidDeref,3,0,0,unsat,0.01287531852722168s,safe
lockfree-3.3,MemLeak,14,252,945,memout,0,buggy
lockfree-3.3,MemLeak,3,0,0,unsat,0.013514518737792969s,safe
lockfree-3.3,MemLeak,2,0,0,unsat,0.014547348022460938s,safe
lockfree-3.3,MemLeak,5,0,0,unsat,0.014997720718383789s,safe
test-0232-1,MemLeak,2,0,0,unsat,0.009623050689697266s,safe
test-0232-1,MemLeak,3,0,0,unsat,0.011043787002563477s,safe
test-0232-1,MemLeak,5,105,182,sat,47.278401136398315s,buggy
global-atexit-1,InvalidFree,3,40,70,unsat,0.706810712814331s,safe
global-atexit-1,InvalidFree,2,18,48,unsat,0.03140830993652344s,safe
global-atexit-1,InvalidFree,5,73,109,unsat,8.924161434173584s,safe
test-0513,InvalidFree,3,0,0,unsat,0.013218402862548828s,safe
test-0513,InvalidFree,1,0,0,unsat,0.015172958374023438s,safe
test-0513,InvalidFree,2,0,0,unsat,0.009118080139160156s,safe
test-0513,InvalidFree,12,356,1021,memout,0,safe
test-0513,InvalidFree,5,0,0,unsat,0.015157699584960938s,safe
test-0513,InvalidFree,6,0,0,unsat,0.016653776168823242s,safe
960521-1-1-mutate,InvalidFree,2,92,88,sat,42.60095477104187s,buggy
960521-1-1-mutate,InvalidFree,3,94,106,sat,45.3195013999939s,buggy
960521-1-1-mutate,InvalidFree,5,98,142,sat,50.9045934677124s,buggy
lockfree-3.2,InvalidDeref,2,0,0,unsat,0.008913278579711914s,safe
lockfree-3.2,InvalidDeref,3,0,0,unsat,0.016872167587280273s,safe
lockfree-3.2,InvalidDeref,5,0,0,unsat,0.017471790313720703s,safe
test-0158-1-mutate,InvalidDeref,1,45,32,unsat,1.2086095809936523s,safe
test-0158-1-mutate,InvalidDeref,3,49,50,unsat,1.5181000232696533s,safe
test-0158-1-mutate,InvalidDeref,5,53,68,unsat,1.8589370250701904s,safe
test-0158-1-mutate,InvalidDeref,2,47,41,unsat,1.4405107498168945s,safe
test-0019-1-mutate,InvalidFree,3,74,61,unsat,10.075642824172974s,safe
test-0019-1-mutate,InvalidFree,2,72,51,unsat,9.194080114364624s,safe
test-0019-1-mutate,InvalidFree,5,78,81,unsat,12.20562481880188s,safe
test-0019-2-mutate,InvalidFree,5,90,97,unsat,24.155346155166626s,safe
test-0019-2-mutate,InvalidFree,2,72,57,unsat,9.950062990188599s,safe
test-0019-2-mutate,InvalidFree,3,86,73,unsat,20.486011266708374s,safe
global-atexit-2,InvalidFree,3,85,96,unsat,16.153031587600708s,safe
global-atexit-2,InvalidFree,5,89,130,unsat,18.342675924301147s,safe
global-atexit-2,InvalidFree,2,67,73,unsat,6.40306544303894s,safe
test-0513,InvalidDeref,6,168,518,unsat,349.09036326408386s,safe
test-0513,InvalidDeref,2,0,0,unsat,0.011117696762084961s,safe
test-0513,InvalidDeref,12,460,1061,memout,0,safe
test-0513,InvalidDeref,5,84,404,unsat,14.335663795471191s,safe
test-0513,InvalidDeref,3,0,0,unsat,0.011818170547485352s,safe
test-0513,InvalidDeref,1,0,0,unsat,0.009788036346435547s,safe
test-0019-2-mutate,InvalidDeref,3,98,79,unsat,35.777019023895264s,safe
test-0019-2-mutate,InvalidDeref,2,78,61,unsat,13.654058694839478s,safe
test-0019-2-mutate,InvalidDeref,5,102,103,unsat,38.265467405319214s,safe
global-atexit-1-mutate,MemLeak,3,35,59,sat,0.3834950923919678s,buggy
global-atexit-1-mutate,MemLeak,2,0,0,unsat,0.00903177261352539s,safe
global-atexit-1-mutate,MemLeak,5,62,95,sat,4.228656530380249s,buggy
global-atexit-2,MemLeak,2,0,0,unsat,0.009421586990356445s,safe
global-atexit-2,MemLeak,3,68,93,unsat,6.567650318145752s,safe
global-atexit-2,MemLeak,5,85,133,sat,15.783379793167114s,buggy
global-atexit-2,MemLeak,4,83,116,sat,16.732875108718872s,buggy
lockfree-3.2,MemLeak,22,664,1745,memout,0,buggy
lockfree-3.2,MemLeak,2,0,0,unsat,0.009024381637573242s,safe
lockfree-3.2,MemLeak,3,0,0,unsat,0.011806488037109375s,safe
lockfree-3.2,MemLeak,5,0,0,unsat,0.012385129928588867s,safe
test-0019-2,MemLeak,2,0,0,unsat,0.00930023193359375s,safe
test-0019-2,MemLeak,5,103,112,sat,44.8041045665741s,buggy
test-0019-2,MemLeak,3,99,86,sat,39.43630051612854s,buggy
960521-1-2-mutate,InvalidDeref,3,47,96,unsat,1.4163424968719482s,safe
960521-1-2-mutate,InvalidDeref,5,109,163,unsat,60.64493799209595s,safe
960521-1-2-mutate,InvalidDeref,7,167,230,sat,389.7185802459717s,buggy
960521-1-2-mutate,InvalidDeref,2,30,71,unsat,0.23657989501953125s,safe
test-0232-2,MemLeak,5,0,0,unsat,0.009091615676879883s,safe
test-0232-2,MemLeak,2,0,0,unsat,0.010622262954711914s,safe
test-0232-2,MemLeak,3,0,0,unsat,0.010272026062011719s,safe
test-0232-2,MemLeak,6,0,0,unsat,0.010898351669311523s,safe
test-0232-2,MemLeak,1,0,0,unsat,0.009891748428344727s,safe
global-atexit-2-mutate,InvalidDeref,3,72,94,unsat,8.72504472732544s,safe
global-atexit-2-mutate,InvalidDeref,5,86,133,unsat,17.27541756629944s,safe
global-atexit-2-mutate,InvalidDeref,2,54,70,unsat,2.7271435260772705s,safe
global-atexit-1-mutate,InvalidFree,3,40,62,unsat,0.687391996383667s,safe
global-atexit-1-mutate,InvalidFree,5,60,92,unsat,3.822140693664551s,safe
global-atexit-1-mutate,InvalidFree,2,0,0,unsat,0.008542776107788086s,safe
test-0019-1-mutate,MemLeak,3,76,64,sat,12.280305624008179s,buggy
test-0019-1-mutate,MemLeak,5,80,84,sat,13.775574207305908s,buggy
test-0019-1-mutate,MemLeak,2,0,0,unsat,0.009538412094116211s,safe
960521-1-3-mutate,InvalidDeref,1,36,50,sat,0.5702564716339111s,buggy
960521-1-3-mutate,InvalidDeref,5,92,156,sat,38.473888874053955s,buggy
960521-1-3-mutate,InvalidDeref,3,88,116,sat,34.154369592666626s,buggy
960521-1-3-mutate,InvalidDeref,2,86,96,sat,30.973099946975708s,buggy
global-atexit-5,InvalidFree,13,147,397,unsat,152.85061955451965s,safe
global-atexit-5,InvalidFree,5,131,197,unsat,108.80506944656372s,safe
global-atexit-5,InvalidFree,2,18,81,unsat,0.033829689025878906s,safe
global-atexit-5,InvalidFree,6,133,222,unsat,114.77338719367981s,safe
global-atexit-5,InvalidFree,6,133,222,unsat,107.04856705665588s,buggy
global-atexit-5,InvalidFree,3,69,125,unsat,8.123502016067505s,safe
global-atexit-5,InvalidFree,1,0,0,unsat,0.008778095245361328s,safe
lockfree-3.1,InvalidFree,2,0,0,unsat,0.01191568374633789s,safe
lockfree-3.1,InvalidFree,5,0,0,unsat,0.0164947509765625s,safe
lockfree-3.1,InvalidFree,3,0,0,unsat,0.01096343994140625s,safe
global-atexit-3,MemLeak,3,35,71,sat,0.38173341751098633s,buggy
global-atexit-3,MemLeak,5,75,119,sat,9.496290683746338s,buggy
global-atexit-3,MemLeak,2,0,0,unsat,0.009274005889892578s,safe
test-0232-1,InvalidDeref,2,68,96,unsat,7.522718667984009s,safe
test-0232-1,InvalidDeref,3,94,128,unsat,28.502893686294556s,safe
test-0232-1,InvalidDeref,5,136,192,sat,139.04244327545166s,safe
global-atexit-1,InvalidDeref,5,70,111,unsat,7.165897607803345s,safe
global-atexit-1,InvalidDeref,2,28,51,unsat,0.18247151374816895s,safe
global-atexit-1,InvalidDeref,3,40,71,unsat,0.6566979885101318s,safe
global-atexit-2,InvalidDeref,3,82,99,unsat,14.294677734375s,safe
global-atexit-2,InvalidDeref,5,86,133,unsat,15.902483463287354s,safe
global-atexit-2,InvalidDeref,2,64,75,unsat,5.7666542530059814s,safe
960521-1-1-mutate,MemLeak,2,0,0,unsat,0.009624004364013672s,safe
960521-1-1-mutate,MemLeak,5,94,145,unsat,42.31631588935852s,safe
960521-1-1-mutate,MemLeak,3,90,109,unsat,37.35934567451477s,safe
test-0019-2,InvalidFree,3,100,83,unsat,37.182929277420044s,safe
test-0019-2,InvalidFree,2,72,60,unsat,9.35939621925354s,safe
test-0019-2,InvalidFree,5,104,109,unsat,41.81491780281067s,safe
global-atexit-3,InvalidDeref,5,76,119,unsat,10.429259061813354s,safe
global-atexit-3,InvalidDeref,2,28,54,unsat,0.18022775650024414s,safe
global-atexit-3,InvalidDeref,3,56,82,unsat,2.8593227863311768s,safe
test-0232-3,InvalidFree,2,0,0,unsat,0.009890079498291016s,safe
test-0232-3,InvalidFree,5,0,0,unsat,0.013735532760620117s,safe
test-0232-3,InvalidFree,3,0,0,unsat,0.013286113739013672s,safe
test-0232-3,InvalidFree,17,493,951,memout,0,buggy
cmp-freed-ptr-mutate,MemLeak,3,59,47,unsat,3.7221767902374268s,safe
cmp-freed-ptr-mutate,MemLeak,5,63,61,unsat,4.531962156295776s,safe
cmp-freed-ptr-mutate,MemLeak,2,0,0,unsat,0.008366823196411133s,safe
test-0232-2,InvalidFree,6,141,311,unsat,175.58661341667175s,safe
test-0232-2,InvalidFree,2,0,0,unsat,0.010183572769165039s,safe
test-0232-2,InvalidFree,5,0,0,unsat,0.013015985488891602s,safe
test-0232-2,InvalidFree,1,0,0,unsat,0.010814666748046875s,safe
test-0232-2,InvalidFree,3,0,0,unsat,0.011226892471313477s,safe
test-0158-1-mutate,InvalidFree,2,66,52,unsat,8.204962253570557s,safe
test-0158-1-mutate,InvalidFree,1,64,43,unsat,7.285868167877197s,safe
test-0158-1-mutate,InvalidFree,3,68,61,unsat,9.207362174987793s,safe
test-0158-1-mutate,InvalidFree,5,72,79,unsat,11.105205297470093s,safe
960521-1-1-mutate,InvalidDeref,2,86,88,unsat,32.001300573349s,safe
960521-1-1-mutate,InvalidDeref,5,92,142,unsat,38.27041792869568s,safe
960521-1-1-mutate,InvalidDeref,3,88,106,unsat,34.44640374183655s,safe
960521-1-2,MemLeak,1,0,0,unsat,0.011064767837524414s,safe
960521-1-2,MemLeak,2,0,0,unsat,0.013324975967407227s,safe
960521-1-2,MemLeak,5,0,0,unsat,0.013796091079711914s,safe
960521-1-2,MemLeak,3,0,0,unsat,0.010642766952514648s,safe
